,conteudo
0,Produtos
1,"Os dados do principal indicador de inadimplência do Brasil ainda apontam leve crescimento no volume de endividados. Depois da retração registrada em agosto, o mês de setembro retomou a marca de 72,64 milhões de endividados – essa é a quarta maior marca do ano, atrás dos volumes anotados em março, abril e julho."
2,"Os brasileiros com idades entre 41 e 60 anos representam a maior fatia da população com nome restrito, com 35,1%. Na sequência estão as faixas etárias de 26 a 40 anos (34,0%), acima de 60 anos (19,1%) e os jovens entre 18 e 25 anos (11,8%)."
3,"O valor médio de cada acordo realizado em setembro no Serasa Limpa Nome, plataforma de renegociação de dívidas da Serasa, foi de R$ 763,64. No total, foram somados mais de R$ 10,71 bilhões em descontos concedidos no mês."
4,"Outras 550 milhões de ofertas ainda estão disponíveis para negociação no Serasa Limpa Nome. No total, são mais de R$910 bilhões em ofertas disponíveis."
5,"Veja este e outros insights no “Mapa de Inadimplência e Negociações de Dívidas no Brasil”, produzido pela Serasa. Atualizado mensalmente, o Mapa oferece os indicadores Serasa sobre a saúde financeira da população brasileira."
6,"O principal indicador de inadimplência do Brasil volta a registrar queda, reforçando a tendência de baixa do ano. De acordo com o novo levantamento, o mês de agosto registra a terceira menor marca de 2024 em número de endividados, retomando ao patamar de janeiro e fevereiro. Ao todo, são 72,46 milhões de brasileiros em situação de inadimplência."
7,"Os brasileiros com idades entre 41 e 60 anos representam a maior fatia da população com nome restrito, com 35,1%. Na sequência estão as faixas etárias de 26 a 40 anos (34,0%), acima de 60 anos (19,0%) e os jovens entre 18 e 25 anos (11,8%)."
8,"O valor médio de cada acordo realizado em agosto no Serasa Limpa Nome, plataforma de renegociação de dívidas da Serasa, foi de R$ 773,41. No total, foram somados mais de R$ 8,17 bilhões em descontos concedidos no mês."
9,"Outras 550 milhões de ofertas ainda estão disponíveis para negociação no Serasa Limpa Nome. No total, são mais de R$940 bilhões em ofertas disponíveis."
10,"Veja este e outros insights no “Mapa de Inadimplência e Negociações de Dívidas no Brasil”, produzido pela Serasa. Atualizado mensalmente, o Mapa oferece os indicadores Serasa sobre a saúde financeira da população brasileira."
11,"Os dados do principal indicador de inadimplência do Brasil ainda apontam leve crescimento no volume de endividados. Depois da retração registrada nos últimos meses, julho apresentou um aumento de 136 mil consumidores no cadastro de negativação – aumento de 0,22%. Ao todo, são 72,66 milhões de brasileiros em situação de inadimplência."
12,"Os brasileiros com idades entre 41 e 60 anos representam a maior fatia da população com nome restrito, com 35,1%. Na sequência estão as faixas etárias de 26 a 40 anos (34,1%), acima de 60 anos (18,9%) e os jovens entre 18 e 25 anos (11,9%)."
13,"O valor médio de cada acordo realizado em maio no Serasa Limpa Nome, plataforma de renegociação de dívidas da Serasa, foi de R$ 756,81. No total, foram somados mais de R$ 8,59 bilhões em descontos concedidos no mês."
14,"Outras 550 milhões de ofertas ainda estão disponíveis para negociação no Serasa Limpa Nome. No total, são mais de R$901 bilhões em ofertas disponíveis."
15,"Veja este e outros insights no “Mapa de Inadimplência e Negociações de Dívidas no Brasil”, produzido pela Serasa. Atualizado mensalmente, o Mapa oferece os indicadores Serasa sobre a saúde financeira da população brasileira."
16,"Pelo segundo mês consecutivo, a inadimplência no Brasil registrou uma nova queda. A desaceleração é de -1,25% nos últimos 60 dias, que corresponde a uma diminuição de 918 mil no número de consumidores inadimplentes. Ao todo, são 72,50 milhões de brasileiros em situação de inadimplência – contra os 72,54 milhões de maio."
17,"Os brasileiros com idades entre 41 e 60 anos representam a maior fatia da população com nome restrito, com 35,1%. Na sequência estão as faixas etárias de 26 a 40 anos (34,1%), acima de 60 anos (18,9%) e os jovens entre 18 e 25 anos (11,9%)."
18,"O valor médio de cada acordo realizado em maio no Serasa Limpa Nome, plataforma de renegociação de dívidas da Serasa, foi de R$ 753,91. No total, foram somados mais de R$ 8,03 bilhões em descontos concedidos no mês."
19,"Outras 550 milhões de ofertas ainda estão disponíveis para negociação no Serasa Limpa Nome. No total, são mais de R$826 bilhões em ofertas disponíveis."
20,"Veja este e outros insights no “Mapa de Inadimplência e Negociações de Dívidas no Brasil”, produzido pela Serasa. Atualizado mensalmente, o Mapa oferece os indicadores Serasa sobre a saúde financeira da população brasileira."
21,"Depois de meses consecutivos de crescimento, a inadimplência no Brasil registrou uma nova queda. A desaceleração é de -1,20% em relação ao mês anterior, que corresponde a uma diminuição de 884 mil no número de consumidores inadimplentes. Ao todo, são 72,54 milhões de brasileiros em situação de inadimplência."
22,"Os brasileiros com idades entre 41 e 60 anos representam a maior fatia da população com nome restrito, com 35,2%. Na sequência estão as faixas etárias de 26 a 40 anos (34,2%), acima de 60 anos (18,9%) e os jovens entre 18 e 25 anos (11,8%)."
23,"O valor médio de cada acordo realizado em maio no Serasa Limpa Nome, plataforma de renegociação de dívidas da Serasa, foi de R$ 752,02 No total, foram somados mais de R$ 8,44 bilhões em descontos concedidos no mês."
24,"Outras 550 milhões de ofertas ainda estão disponíveis para negociação no Serasa Limpa Nome. No total, são mais de R$793 bilhões em ofertas disponíveis."
25,"Veja este e outros insights no “Mapa de Inadimplência e Negociações de Dívidas no Brasil”, produzido pela Serasa. Atualizado mensalmente, o Mapa oferece os indicadores Serasa sobre a saúde financeira da população brasileira."
26,"
  A inadimplência no Brasil cresceu pelo terceiro mês consecutivo. O aumento é de 0,72% em relação ao mês anterior, que corresponde a um acréscimo de 524 mil no número de consumidores inadimplentes. Ao todo, são 73,42 milhões de brasileiros em situação de inadimplência."
27,"
Os brasileiros com idades entre 41 e 60 anos representam a maior fatia da população com nome restrito, com 35,1%. Na sequência estão as faixas etárias de 26 a 40 anos (34,0%), acima de 60 anos (18,9%) e os jovens entre 18 e 25 anos (11,9%).
"
28,"
  O valor médio de cada acordo realizado em janeiro no Serasa Limpa Nome, plataforma de renegociação de dívidas da Serasa, foi de R$ 727,30. No total, foram somados mais de R$ 8,69 bilhões em descontos concedidos no mês."
29,"
  Outras 550 milhões de ofertas ainda estão disponíveis para negociação no Serasa Limpa Nome. No total, são mais de R$814 bilhões em ofertas disponíveis.
 "
30,"
Veja este e outros insights no “Mapa de Inadimplência e Negociações de Dívidas no Brasil”, produzido pela Serasa. Atualizado mensalmente, o Mapa oferece os indicadores Serasa sobre a saúde financeira da população brasileira.
"
31,"
  A inadimplência no Brasil cresceu pelo segundo mês consecutivo. O aumento é de 1,19% em relação ao mês anterior, que corresponde a um acréscimo de 855 mil no número de consumidores inadimplentes. Ao todo, são 72,89 milhões de brasileiros em situação de inadimplência.
"
32,"
Os brasileiros com idades entre 41 e 60 anos representam a maior fatia da população com nome restrito, com 35,1%. Na sequência estão as faixas etárias de 26 a 40 anos (34,1%), acima de 60 anos (18,9%) e os jovens entre 18 e 25 anos (11,9%).
"
33,"
 O valor médio de cada acordo realizado em janeiro no Serasa Limpa Nome, plataforma de renegociação de dívidas da Serasa, foi de R$ 760,31. No total, foram somados mais de R$ 11,38 bilhões em descontos concedidos no mês.
"
34,"
  Outras 550 milhões de ofertas ainda estão disponíveis para negociação no Serasa Limpa Nome. No total, são mais de R$874 bilhões em ofertas disponíveis.
"
35,"
Veja este e outros insights no “Mapa de Inadimplência e Negociações de Dívidas no Brasil”, produzido pela Serasa. Atualizado mensalmente, o Mapa oferece os indicadores Serasa sobre a saúde financeira da população brasileira.
"
36,"
A inadimplência no Brasil teve um decréscimo de 0,04% em relação ao mês anterior, que corresponde a uma queda de 30,5 mil no número de consumidores inadimplentes. Ao todo, são 72,04 milhões de brasileiros em situação de inadimplência.
"
37,"
Os brasileiros com idades entre 41 e 60 anos representam a maior fatia da população com nome restrito, com 35,0%. Na sequência estão as faixas etárias de 26 a 40 anos (34,2%), acima de 60 anos (18,8%) e os jovens entre 18 e 25 anos (12,0%).
"
38,"
  O valor médio de cada acordo realizado em janeiro no Serasa Limpa Nome, plataforma de renegociação de dívidas da Serasa, foi de R$ 784,22. No total, foram somados mais de R$ 7,50 bilhões em descontos concedidos no mês."
39,"
  Outras 533 milhões de ofertas ainda estão disponíveis para negociação no Serasa Limpa Nome. No total, são mais de R$836 bilhões em ofertas disponíveis."
40,"
Veja este e outros insights no “Mapa de Inadimplência e Negociações de Dívidas no Brasil”, produzido pela Serasa. Atualizado mensalmente, o Mapa oferece os indicadores Serasa sobre a saúde financeira da população brasileira.
"
41,"
  No primeiro mês do ano, a inadimplência no Brasil teve um crescimento de 1,40% em relação ao mês anterior, que corresponde a 967 mil consumidores inadimplentes. Ao todo, são 72,07 milhões de brasileiros em situação de inadimplência.
"
42,"
  Os brasileiros com idades entre 41 e 60 anos representam a maior fatia da população com nome restrito, com 35,0%. Na sequência estão as faixas etárias de 26 a 40 anos (34,2%), acima de 60 anos (18,8%) e os jovens entre 18 e 25 anos (12,0%).
"
43,"
  O valor médio de cada acordo realizado em janeiro no Serasa Limpa Nome, plataforma de renegociação de dívidas da Serasa, foi de R$ 722,89. No total, foram somados mais de R$ 9,61 bilhões em descontos concedidos no mês.
"
44,"
  Outras 533 milhões de ofertas ainda estão disponíveis para negociação no Serasa Limpa Nome. No total, são mais de R$825 bilhões em ofertas disponíveis.
"
45,"
Veja este e outros insights no “Mapa de Inadimplência e Negociações de Dívidas no Brasil”, produzido pela Serasa. Atualizado mensalmente, o Mapa oferece os indicadores Serasa sobre a saúde financeira da população brasileira.
"
46,"
  Os dados do levantamento realizado pela Serasa em dezembro de 2023 indicam uma
  redução no número de consumidores inadimplentes pelo segundo mês consecutivo.
  Com 71,1 milhões de brasileiros em situação de inadimplência, a queda foi de
  706,4 mil em relação ao mês anterior.
"
47,"
  As faixas etárias com as maiores fatias da população com nome restrito são de 41 a 60 anos, representando 35,0%, e 26 a 40 anos, correspondendo a 34,2% do total de inadimplentes. A faixa etária acima de 60 anos representa 18,7%."
48,"
  Para ajudar os brasileiros, o Serasa Limpa Nome disponibiliza o serviço de ofertas de negociação de dívidas com condições especiais. No mês, o total de descontos concedidos na plataforma chegou a R$ 11,74 bilhões. O valor médio de cada acordo ficou em R$665,90."
49,"
  Existem, ainda, mais de 533 milhões de ofertas disponíveis para negociação no Serasa Limpa Nome. No total, são mais de R$786 bilhões em ofertas disponíveis."
50,"
Veja este e outros insights no Mapa de Inadimplência e Negociações de Dívidas da Serasa. Todos os meses, você pode conferir os indicadores Serasa com informações importantes sobre a saúde financeira da população brasileira. Baixe o estudo completo! #MapaInadimplência #Serasa
"
51,"
  Os dados do levantamento realizado pela Serasa em novembro de 2023 indicam uma redução no número de consumidores inadimplentes após três meses de crescimento consecutivos. Com 71,81 milhões de brasileiros em situação de inadimplência, a queda foi de 143,5 mil em relação ao mês anterior.
"
52,"
  As faixas etárias com as maiores fatias da população com nome restrito são de 41 a 60 anos, representando 35,0%, e 26 a 40 anos, correspondendo a 34,4% do total de inadimplentes. A faixa etária acima de 60 anos representa 18,5%.
"
53,"
  Para ajudar os brasileiros, o Serasa Limpa Nome disponibiliza o serviço de ofertas de negociação de dívidas com condições especiais. No mês, o total de descontos concedidos na plataforma chegou a R$ 12,62 bilhões. O valor médio de cada acordo ficou em R$716,63.
"
54,"
  Existem, ainda, mais de 533 milhões de ofertas disponíveis para negociação no Serasa Limpa Nome. No total, são mais de R$776 bilhões em ofertas disponíveis.
"
55,"
Veja este e outros insights no Mapa de Inadimplência e Negociações de Dívidas da Serasa. Todos os meses, você pode conferir os indicadores Serasa com informações importantes sobre a saúde econômica da população brasileira. Baixe o estudo completo! #MapaInadimplência #Serasa
"
56,"
  Os dados do levantamento realizado pela Serasa em outubro de 2023 indicam um novo aumento de consumidores inadimplentes pelo terceiro mês consecutivo. Com 71,95 milhões de brasileiros em situação de inadimplência, o crescimento foi de 130 mil em relação ao mês anterior.
"
57,"
 As faixas etárias com as maiores fatias da população com nome restrito são de 41 a 60 anos, representando 34,9%, e 26 a 40 anos, correspondendo a 34,5% do total de inadimplentes. A faixa etária acima de 60 anos representa 18,4%."
58,"
  Para ajudar os brasileiros, o Serasa Limpa Nome disponibiliza o serviço de ofertas de negociação de dívidas com condições especiais. No mês, o total de descontos concedidos na plataforma chegou a R$ 9,13 bilhões. O valor médio de cada acordo ficou em R$786,91."
59,"
  Existem, ainda, mais de 452 milhões de ofertas disponíveis para negociação no Serasa Limpa Nome. No total, são mais de R$613 bilhões em ofertas disponíveis."
60,"
Veja este e outros insights no Mapa de Inadimplência e Negociações de Dívidas da Serasa. Todos os meses, você pode conferir os indicadores Serasa com informações importantes sobre a saúde econômica da população brasileira. Baixe o estudo completo! #MapaInadimplência #Serasa
"
61,"
  Os dados do levantamento realizado pela Serasa em setembro de 2023 indicam um aumento no número de inadimplentes no Brasil pelo segundo mês consecutivo. Com 71,82 milhões de brasileiros em situação de inadimplência, o crescimento foi de 83 mil em relação ao mês anterior.
"
62,"
  As faixas etárias com as maiores fatias da população com nome restrito são de 41 a 60 anos, representando 34,9%, e 26 a 40 anos, correspondendo a 34,5% do total de inadimplentes. A faixa etária acima de 60 anos representa 18,4%.
"
63,"
  Para ajudar os brasileiros, o Serasa Limpa Nome disponibiliza o serviço de ofertas de negociação de dívidas com condições especiais. No período, o total de descontos concedidos na plataforma chegou a R$ 8,96 bilhões. O valor médio de cada acordo ficou em R$774,88.
"
64,"
  Existem, ainda, mais de 452 milhões de ofertas disponíveis para negociação no Serasa Limpa Nome. No total, são mais de R$664 bilhões em ofertas disponíveis.
"
65,"
Veja este e outros insights no Mapa de Inadimplência e Negociações de Dívidas da Serasa. Todos os meses, você pode conferir os indicadores Serasa com informações importantes sobre a saúde econômica da população brasileira. Baixe o estudo completo! #MapaInadimplência #Serasa
"
66,"Os dados do levantamento realizado pela Serasa em agosto de 2023 indicam um aumento no número de inadimplentes no Brasil, após duas quedas consecutivas. Com 71,74 milhões de brasileiros em situação de inadimplência, o crescimento foi de 320 mil em relação ao mês anterior. "
67,"As faixas etárias com as maiores fatias da população com nome restrito são de 41 a 60 anos, representando 35,0%, e 26 a 40 anos, correspondendo a 34,5% do total de inadimplentes. A faixa etária acima de 60 anos representa 18,3%. "
68,"Para ajudar os brasileiros, o Serasa Limpa Nome disponibiliza o serviço de ofertas de negociação de dívidas com condições especiais. No período, o total de descontos concedidos na plataforma chegou a R$ 9,77 bilhões. O valor médio de cada acordo ficou em R$889,93. "
69,"Existem, ainda, mais de 452 milhões de ofertas disponíveis para negociação no Serasa Limpa Nome. No total, são mais de R$658 bilhões em ofertas disponíveis. "
70,"Veja este e outros insights no Mapa de Inadimplência e Negociações de Dívidas da Serasa. Todos os meses, você pode conferir os indicadores Serasa com informações importantes sobre a saúde econômica da população brasileira. Baixe o estudo completo! #MapaInadimplência #Serasa"
71,"Os dados do levantamento realizado pela Serasa em julho de 2023 indicam uma queda no número de inadimplentes no Brasil, pelo segundo mês consecutivo. Com 71,41 milhões de brasileiros em situação de inadimplência em julho, a redução foi de 34 mil em relação ao mês anterior. "
72,"As faixas etárias com as maiores fatias da população com nome restrito são de 41 a 60 anos, representando 35,0%, e 26 a 40 anos, correspondendo a 34,6% do total de inadimplentes. A faixa etária acima de 60 anos representa 18,3%. "
73,"Para ajudar os brasileiros, o Serasa Limpa Nome disponibiliza o serviço de ofertas de negociação de dívidas com condições especiais. No período, o total de descontos concedidos na plataforma chegou a R$ 8,89 bilhões. O valor médio de cada acordo ficou em R$ 903,80. "
74,"Existem, ainda, mais de 452 milhões de ofertas disponíveis para negociação no Serasa Limpa Nome. No total, são mais de R$666 bilhões em ofertas disponíveis. "
75,"Veja este e outros insights no Mapa de Inadimplência e Negociações de Dívidas da Serasa. Todos os meses, você pode conferir os indicadores Serasa com informações importantes sobre a saúde econômica da população brasileira. Baixe o estudo completo! #MapaInadimplência #Serasa"
76,"O levantamento de junho de 2023, realizado pela Serasa, indica uma queda de 450 mil inadimplentes em relação ao mês anterior, contando com 71,45 milhões de brasileiros em situação de inadimplência."
77,"As faixas etárias com as maiores fatias da população com nome restrito são de 41 a 60 anos, representando 34,8%, e 26 a 40 anos, correspondendo a 34,7% do total de inadimplentes. A faixa etária acima de 60 anos representa 18,1%."
78,"Para ajudar os brasileiros, o Serasa Limpa Nome disponibiliza o serviço de ofertas de negociação de dívidas com condições especiais. No período, o total de descontos concedidos na plataforma chegou a R$ 6,23 bilhões. O valor médio de cada acordo ficou em R$ 873,60."
79,"Existem, ainda, mais de 452 milhões de ofertas disponíveis para negociação no Serasa Limpa Nome. No total, são mais de R$637 bilhões em ofertas disponíveis."
80,"Veja este e outros insights no Mapa de Inadimplência e Negociações de Dívidas da Serasa. Todos os meses, você pode conferir os indicadores Serasa com informações importantes sobre a saúde econômica da população brasileira. Baixe o estudo completo! #MapaInadimplência #Serasa"
81,"O levantamento de maio de 2023, realizado pela Serasa, indica que o Brasil conta com 71,90 milhões de pessoas em situação de inadimplência. O crescimento foi de 463 mil novos inadimplentes em relação ao mês anterior."
82,"As faixas etárias com as maiores fatias da população com nome restrito são de 41 a 60 anos, representando 34,8%, e 26 a 40 anos, correspondendo a 34,7% do total de inadimplentes. A faixa etária acima de 60 anos representa 18,0%."
83,"Para ajudar os brasileiros, o Serasa Limpa Nome disponibiliza o serviço de ofertas de negociação de dívidas com condições especiais. No período, o total de descontos concedidos na plataforma chegou a R$ 4,85 bilhões. O valor médio de cada acordo ficou em R$ 763,47."
84,"Existem, ainda, mais de 452 milhões de ofertas disponíveis para negociação no Serasa Limpa Nome. No total, são mais de R$675 bilhões em ofertas disponíveis."
85,"Veja este e outros insights no Mapa de Inadimplência e Negociações de Dívidas da Serasa. Todos os meses, você pode conferir os indicadores Serasa com informações importantes sobre a saúde econômica da população brasileira. Baixe o estudo completo! #MapaInadimplência #Serasa"
86,"O levantamento de abril de 2023, realizado pela Serasa, indica que o Brasil conta com 71,44 milhões de pessoas em situação de inadimplência. O crescimento foi de 732 mil novos inadimplentes em relação ao mês anterior."
87,"As faixas etárias com as maiores fatias da população com nome restrito são de 24 a 40 anos e 41 a 60 anos, cada uma delas representando 34,8% do total dos inadimplentes. A faixa etária acima de 60 anos representa 18,0%."
88,"Para ajudar os brasileiros, o Serasa Limpa Nome disponibiliza o serviço de ofertas de negociação de dívidas com condições especiais. No período, o total de descontos concedidos na plataforma chegou a R$ 5 bilhões. O valor médio de cada acordo ficou em R$ 753,64."
89,"Existem, ainda, mais de 360 milhões de ofertas disponíveis para negociação no Serasa Limpa Nome. No total, são mais de R$ 274 bilhões de reais em ofertas disponíveis."
90,"Veja este e outros insights no Mapa de Inadimplência e Negociações de Dívidas da Serasa. Todos os meses, você pode conferir os indicadores Serasa com informações importantes sobre a saúde econômica da população brasileira. Baixe o estudo completo! #MapaInadimplência #Serasa"
91,"O mais recente levantamento da Serasa, com dados de março de 2023, indica que a inadimplência no Brasil segue crescendo, mas com desaceleração. Com um aumento de 180 mil pessoas, o indicador de inadimplência aponta 70,71 milhões de brasileiros com o nome restrito."
92,"Com relação ao perfil dos inadimplentes, os brasileiros de 26 a 40 anos se destacam na faixa etária, representando 34,8% do total dos inadimplentes. A faixa etária entre 41 e 60 anos representa 34,7%."
93,"Para ajudar os brasileiros, o Serasa Limpa Nome disponibiliza ofertas de negociação de dívidas com condições especiais. No período, o total de descontos concedidos na plataforma chegou a mais de R$ 5 bilhões. O valor médio de cada acordo ficou em R$ 745,01."
94,"Atualmente, existem outras 365 milhões de ofertas para negociação no Serasa Limpa Nome. No total, são mais de R$ 250 bilhões de reais em ofertas disponíveis."
95,"Veja este e outros insights no Mapa de Inadimplência e Negociações de Dívidas da Serasa. Todos os meses, você pode conferir os indicadores Serasa com informações importantes sobre a saúde econômica da população brasileira. Baixe o estudo completo! #MapaInadimplência #Serasa"
96,"O mais recente levantamento da Serasa, com dados de fevereiro de 2023, indica que a inadimplência no Brasil segue crescendo, após desaceleração no final do ano passado. Com um aumento de mais de 430 mil pessoas, o indicador de inadimplência aponta 70,53 milhões de brasileiros com o nome restrito."
97,"Com relação ao perfil dos inadimplentes, os brasileiros de 26 a 40 anos se destacam na faixa etária, representando 35,2% do total dos inadimplentes. A faixa etária entre 41 e 60 anos representa 34,2%."
98,"Para ajudar os brasileiros, o Serasa Limpa Nome disponibiliza ofertas de negociação de dívidas com condições especiais. No período, o total de descontos concedidos na plataforma chegou a R$ 8,8 bilhões. O valor médio de cada acordo ficou em R$ 744,17."
99,"Atualmente, existem outras 365 milhões de ofertas para negociação no Serasa Limpa Nome. No total, são mais de R$ 312 bilhões de reais em ofertas disponíveis."
100,"Veja este e outros insights no Mapa de Inadimplência e Negociações de Dívidas da Serasa. Todos os meses, você pode conferir os indicadores Serasa com informações importantes sobre a saúde econômica da população brasileira. Baixe o estudo completo! #MapaInadimplência #Serasa"
101,"O mais recente levantamento da Serasa, com dados de janeiro de 2023, indica que a inadimplência no Brasil voltou a crescer, após desaceleração no mês anterior. Com um aumento de mais de 600 mil pessoas, o indicador de inadimplência aponta 70,09 milhões de brasileiros com o nome restrito."
102,"Com relação ao perfil dos inadimplentes, os brasileiros de 26 a 40 anos se destacam na faixa etária, representando 34,8% do total dos inadimplentes. A faixa etária entre 41 e 60 anos representa 34,7%."
103,"Para ajudar os brasileiros, o Serasa Limpa Nome disponibiliza ofertas de negociação de dívidas com condições especiais. No período, o total de descontos concedidos na plataforma chegou a mais de R$ 5,3 bilhões. O valor médio de cada acordo ficou em R$ 746,09 e o estado de São Paulo segue em destaque, representando 30,1% das renegociações"
104,"Atualmente, existem outras 90 milhões de ofertas para negociação no Serasa Limpa Nome. No total, são mais de R$ 127 bilhões de reais em ofertas disponíveis."
105,"Veja este e outros insights no Mapa de Inadimplência e Negociações de Dívidas da Serasa. Todos os meses, você pode conferir os indicadores Serasa com informações importantes sobre a saúde econômica da população brasileira. Baixe o estudo completo! #MapaInadimplência #Serasa"
106,"O mais recente levantamento da Serasa, com dados de dezembro de 2022, indica que a inadimplência no Brasil apresentou queda, após um crescimento de 11 meses consecutivos. Com a redução de pouco mais de 400 mil, o indicador de inadimplência aponta 69,43 milhões de brasileiros com o nome restrito."
107,"Com relação ao perfil dos inadimplentes, os brasileiros de 26 a 40 anos se destacam na faixa etária, representando 34,8% do total dos inadimplentes."
108,"Para ajudar os brasileiros, o Serasa Limpa Nome disponibiliza ofertas de negociação de dívidas com condições especiais. No período, o total de descontos concedidos na plataforma chegou a mais de R$ 8,2 bilhões. O valor médio de cada acordo ficou em R$ 692,10 e o estado de São Paulo segue em destaque, representando 30,1% das renegociações"
109,"Atualmente, existem outras 81 milhões de ofertas para negociação no Serasa Limpa Nome. No total, são mais de R$ 111 bilhões de reais em ofertas disponíveis."
110,"Veja este e outros insights no Mapa de Inadimplência e Negociações de Dívidas da Serasa. Todos os meses, você pode conferir os indicadores Serasa com informações importantes sobre a saúde econômica da população brasileira. Baixe o estudo completo! #MapaInadimplência #Serasa﻿"
111,"O mais recente levantamento da Serasa, divulgado em Novembro, indica que o crescimento da inadimplência no Brasil tem leve aceleração neste mês, com aumento de 778 mil novos inadimplentes. Crescendo pelo décimo primeiro mês consecutivo, o indicador de inadimplência aponta 69,83 milhões de brasileiros com o nome restrito."
112,"Com relação ao perfil dos inadimplentes, os brasileiros de 31 a 40 anos se destacam na faixa etária, representando 31,9% do total dos inadimplentes."
113,"Para ajudar os brasileiros, o Serasa Limpa Nome disponibiliza ofertas de negociação de dívidas com condições especiais. No período, o total de descontos concedidos na plataforma chegou a mais de R$ 8,7 bilhões. O valor médio de cada acordo ficou em R$ 670,20 e o estado de São Paulo segue em destaque, representando 30,2% das renegociações"
114,"Atualmente, existem outras 105 milhões de ofertas para negociação no Serasa Limpa Nome. No total, são mais de R$ 126 bilhões de reais em ofertas disponíveis."
115,"Veja este e outros insights no Mapa de Inadimplência e Negociações de Dívidas da Serasa. Todos os meses, você pode conferir os indicadores Serasa com informações importantes sobre a saúde econômica da população brasileira. Baixe o estudo completo! #MapaInadimplência #Serasa"
116,"O mais recente levantamento da Serasa, divulgado em outubro, apresenta o décimo mês de crescimento da inadimplência no Brasil. Com aumento de 668 mil novos inadimplentes em relação a setembro, o indicador aponta mais de 69 milhões de brasileiros com o nome restrito."
117,"Com relação ao perfil dos inadimplentes, os brasileiros de 26 a 40 anos se destacam na faixa etária, representando 35,4% do total dos inadimplentes."
118,"Para ajudar os brasileiros, o Serasa Limpa Nome disponibiliza ofertas de negociação de dívidas com condições especiais. No período, o total de descontos concedidos na plataforma chegou a mais de R$ 5,1 bilhões. O valor médio de cada acordo ficou em R$ 703,22 e o estado de São Paulo segue em destaque, representando 18,3% das renegociações."
119,"Atualmente, existem outras 92,4 milhões de ofertas para negociação no Serasa Limpa Nome. No total, são mais de R$ 116 bilhões de reais em ofertas disponíveis."
120,"Veja este e outros insights no Mapa de Inadimplência e Negociações de Dívidas da Serasa. Todos os meses, você pode conferir os indicadores Serasa com informações importantes sobre a saúde econômica da população brasileira. Baixe o estudo completo! #MapaInadimplência #Serasa"
121,"O mais recente levantamento da Serasa, divulgado em setembro, indica que o crescimento da inadimplência no Brasil tem leve aceleração neste mês, com aumento de 411 mil novos inadimplentes frente aos 340 mil registrados entre os meses de julho e agosto. Crescendo pelo nono mês consecutivo, o indicador de inadimplência aponta 68,39 milhões de brasileiros com o nome restrito."
122,"Com relação ao perfil dos inadimplentes, os brasileiros de 31 a 40 anos se destacam na faixa etária, representando 31,3% do total dos inadimplentes."
123,"Para ajudar os brasileiros, o Serasa Limpa Nome disponibiliza ofertas de negociação de dívidas com condições especiais. No período, o total de descontos concedidos na plataforma chegou a mais de R$ 4,8 bilhões. O valor médio de cada acordo ficou em R$ 705,03 e o estado de São Paulo segue em destaque, representando 29,69% das renegociações."
124,"Atualmente, existem outras 84,6 milhões de ofertas para negociação no Serasa Limpa Nome. No total, são mais de R$ 116 bilhões de reais em ofertas disponíveis."
125,"Veja este e outros insights no Mapa de Inadimplência e Negociações de Dívidas da Serasa. Todos os meses, você pode conferir os indicadores Serasa com informações importantes sobre a saúde econômica da população brasileira. Baixe o estudo completo! #MapaInadimplência #Serasa"
126,"O mais recente levantamento da Serasa, divulgado em agosto, indica que o crescimento da inadimplência no Brasil desacelerou neste mês, com aumento de 340 mil novos inadimplentes frente aos 800 mil registrados entre os meses de junho e julho. Apesar da desaceleração, o indicador de inadimplência ainda é alto, com 67,9 milhões de brasileiros com o nome restrito"
127,"Com relação ao perfil dos inadimplentes, os brasileiros de 31 a 40 anos se destacam na faixa etária, representando 30,2% do total dos inadimplentes"
128,"Para ajudar os brasileiros, o Serasa Limpa Nome disponibiliza ofertas de negociação de dívidas com condições especiais. No período, a soma total dos descontos concedidos na plataforma, chegou a mais de 4,8 bilhões de descontos concedidos. O valor médio de cada acordo ficou em R$ 685,00 e a região que se destacou no número de acordos foi o estado de São Paulo, representando 29,47% do total"
129,"Veja este e outros insights no Mapa de Inadimplência e Renegociações de dívidas da Serasa. Todos os meses, você pode conferir os indicadores Serasa com informações importantes sobre a saúde econômica da população brasileira. Baixe o estudo completo! #MapaInadimplência #Serasa"
130,"O mais recente levantamento da Serasa, divulgado em julho, indica que o número de inadimplentes no Brasil cresceu 1,22% em relação a junho, apresentando o sétimo mês consecutivo em crescimento"
131,"Com relação ao perfil dos inadimplentes, os brasileiros de 31 a 40 anos se destacam na faixa etária, representando 30,25% do total dos inadimplentes"
132,"Para ajudar os brasileiros, o Serasa Limpa Nome disponibiliza ofertas de negociação de dívidas com condições especiais. No período, a soma total dos descontos concedidos na plataforma, chegou a mais de 3,5 bilhões de descontos concedidos. O valor médio de cada acordo ficou em R$ 677,05 e a região que se destacou no número de acordos foi o estado de São Paulo, representando 29,78% do total"
133,"Veja este e outros insights no Mapa de Inadimplência e Renegociações de dívidas da Serasa. Todos os meses, você pode conferir os indicadores Serasa com informações importantes sobre a saúde econômica da população brasileira. Baixe o estudo completo! #MapaInadimplência #Serasa"
134,"O mais recente levantamento da Serasa, divulgado em junho, indica que o crescimento da inadimplência no Brasil desacelerou neste mês, com aumento de 200 mil novos inadimplentes frente à média de 400 mil registrada nos meses anteriores. Apesar da desaceleração, o indicador de inadimplência ainda é alto, com 66,8 milhões de brasileiros com o nome restrito."
135,"Com relação ao perfil dos inadimplentes, os brasileiros de 26 a 40 anos se destacam na faixa etária, representando 35,2% do total dos inadimplentes."
136,"Para ajudar os brasileiros, o Serasa Limpa Nome disponibiliza ofertas de negociação de dívidas com condições especiais. No período, a soma total dos descontos concedidos na plataforma, chegou a mais de 3,5 bilhões de descontos concedidos. O valor médio de cada acordo ficou em R$ 695,31 e a região que se destacou no número de acordos foi o estado de São Paulo, representando 30,30% do total."
137,"Veja este e outros insights no Mapa de Inadimplência e Renegociações de dívidas da Serasa. Todos os meses, você pode conferir os indicadores Serasa com informações importantes sobre a saúde econômica da população brasileira. Baixe o estudo completo! #MapaInadimplência #Serasa"
138,"O mais recente levantamento da Serasa, divulgado em maio, indica que o número de inadimplentes no Brasil cresceu 0,68% em relação a abril, representando recorde em inadimplência desde o começo da série histórica iniciada em 2016."
139,"Com relação ao perfil dos inadimplentes, os brasileiros de 26 a 40 anos se destacam na faixa etária, representando 35,2% do total dos inadimplentes."
140,"Para ajudar os brasileiros, o Serasa Limpa Nome disponibiliza ofertas de negociação de dívidas com condições especiais. No período, a soma total dos descontos concedidos na plataforma, chegou a mais de 3,8 bilhões de descontos concedidos. O valor médio de cada acordo ficou em R$ 700,07 e a região que se destacou no número de acordos foi o estado de São Paulo, representando 30,08% do total."
141,"Veja este e outros insights no Mapa de Inadimplência e Renegociações de dívidas da Serasa. Todos os meses, você pode conferir os indicadores Serasa com informações importantes sobre a saúde econômica da população brasileira. Baixe o estudo completo! #MapaInadimplência #Serasa"
142,"O mais recente levantamento da Serasa indica que o número de inadimplentes no Brasil cresceu 0,67% em relação a março, apresentando crescimento no endividamento pelo quarto mês consecutivo. Com relação ao perfil dos inadimplentes, os brasileiros de 26 a 40 anos se destacam na faixa etária, representando 35,5% do total dos inadimplentes."
143,"No período, a soma total dos descontos concedidos no Serasa Limpa Nome, chegou a mais de 4 bilhões em total de descontos, evitando que o volume de endividados no país crescesse ainda mais. O valor médio de cada acordo ficou em R$ 679,42 e a região que se destacou no total de acordos foi o estado de São Paulo."
144,"Veja este e outros insights no Mapa de Inadimplência. Todos os meses, você pode conferir os indicadores Serasa com informações importantes sobre a saúde econômica da população brasileira. Baixe o estudo completo! #MapaInadimplência #Serasa"
145,"O mais recente levantamento da Serasa indica que o número de inadimplentes no Brasil cresceu 0,81% em relação a fevereiro, apresentando o terceiro mês consecutivo em crescimento. Com relação ao perfil dos inadimplentes, os brasileiros de 26 a 40 anos se destacam na faixa etária, representando 35,2% do total dos inadimplentes. "
146,"No período, a soma total dos descontos concedidos no Serasa Limpa Nome, chegou mais de 6 bilhões em total de descontos, evitando que o volume de endividados no país crescesse ainda mais. O valor médio de cada acordo ficou em R$ 675,74 e a região que se destacou no total de acordos foi o estado de São Paulo."
147,"Veja este e outros insights no Mapa de Inadimplência. Todos os meses, você pode conferir os indicadores Serasa com informações importantes sobre a saúde econômica da população brasileira. Baixe o estudo completo! #MapaInadimplência #Serasa"
148,"O levantamento da Serasa indicou que, em fevereiro, o número de inadimplentes no país cresceu 0,54% em relação a janeiro e, pela primeira vez desde o começo da pandemia, ultrapassou os 65 milhões"
149,"A soma dos valores de todas as dívidas cresceu 1,03% em relação a janeiro. Chegou a R$ 263 bilhões, superando em R$ 4 bilhões o montante registrado no pico da pandemia, em 2020. "
150,"O valor médio da dívida por inadimplente, que agora é de R$ 4.042,08,  também aumentou: 0,49% maior do que em janeiro"
151,"Entre os inadimplentes, o maior número é na faixa etária dos  26 a 40 anos (35,3%), seguido pela de 41 a 60 anos (34,9%). Os homens (50,2%) devem mais do que as mulheres (49,8%)."
152,"O levantamento da Serasa indicou que, em 2022, o número de inadimplentes no país voltou a crescer e alcança 64,82 milhões de brasileiros, se aproximando ao pico da pandemia, em abril de 2021;"
153,"O valor médio das dívidas chega a R$ 4.022,52 em janeiro – maior desde o início da pandemia;"
154,"O valor total das dívidas também aumenta e alcança R$ 260,7 bilhões – R$ 2 bi a mais do que abril de 2020, auge do lockdown"
155,"O Amazonas é, proporcionalmente, o Estado brasileiro com a maior representatividade de inadimplentes na sua população adulta com 52,30%. Na sequência aparece AP com 48,33% e DF em terceiro lugar com 48,04% da população adulta em situação de inadimplência;"
156,"Em dezembro, o Brasil apresentava 63,97 milhões de inadimplentes;"
157,"Com relação aos segmentos das dívidas, as chamadas Utilities (contas básicas como água, energia e gás) fecharam o ano respondendo por 23,9% dos débitos – o maior índice em 2021;"
158,"O segmento que lidera as causas do endividamento dos brasileiros continua sendo os débitos de bancos e cartões de crédito, com 27,7%;"
159,"Ainda de acordo com o estudo, entre os 10 Estados mais endividados, cinco deles estão localizados na Região Norte do Brasil: além do Amazonas, fazem parte do ranking Roraima (4º lugar), Amapá (5º), Acre (7º) e Tocantins (9º);"
160,"No período, mais de R$ 4,63 bilhões de acordos foram concedidos no Serasa Limpa Nome;"
161,"O levantamento da Serasa indicou que, em 2021, o pico no número de inadimplentes ocorreu em novembro, com mais de 64,27 milhões de brasileiros em situação de inadimplência;"
162,"O número total do valor das dívidas apresentou um aumento de 1,67% com relação ao último mês, atingindo o total de R$ 257,88 bilhões, atingindo também o pico anual em 2021;"
163,"O Amazonas é, proporcionalmente, o Estado brasileiro com a maior representatividade de inadimplentes na sua população adulta com 51,7%. Na sequência aparece MT com 48,5% e RJ em terceiro lugar com 46,9% da população adulta em situação de inadimplência;"
164,"Em novembro, mais de R$ 6,14 bilhões de descontos foram concedidos na plataforma do Serasa Limpa Nome;"
165,"O número de inadimplentes no Brasil atingiu 63,4 milhões, o maior índice registrado desde julho de 2020 (63,5 milhões). "
166,"O número de dívidas no país cresceu 2,31% em relação ao mês anterior e atingiu a marca de 213.268 milhões."
167,"O valor total das dívidas no Brasil também cresceu 3,37% em relação ao mês passado e chegou a R$ 253,65 bilhões."
168,"Mais de R$ 3,21 bilhões em descontos foram concedidos no Serasa Limpa Nome em 2021."
169,"O número de inadimplentes no Brasil caiu para 62,21 milhões – o menor índice apresentado nos últimos seis meses."
170,"O número total de dívidas segue em queda, com 208,46 milhões de dívidas em todo o país."
171,"O número de inadimplentes no Brasil aumentou para 62,24 milhões."
172,"O número de dívidas registrou queda. Ao todo, foram registradas 208,78 milhões de dívidas em todo país."
173,Mais da metade das pessoas que negociaram suas dívidas no Serasa Limpa Nome tem idade entre 31 e 50 anos.
174,"Em julho, o Brasil atingiu a marca de 62,2 milhões de consumidores inadimplentes."
175,"O valor total das dívidas dos consumidores inadimplentes chegou a R$ 244,8 bilhões."
176,"Neste mês, o valor médio das dívidas dos brasileiros foi de R$ 1.170,00. Cada inadimplente devia, em média, R$ 3.935,51.  "
177,"O valor total das dívidas dos brasileiros inadimplentes chegou a R$ 245,9 bilhões."
178,"Cada brasileiro inadimplente devia, em média, R$ 3.934,38. O valor médio de cada dívida era de R$ 1.163,52."
179,"O Brasil atingiu a marca de 62,5 milhões de consumidores inadimplentes."
180,"O valor médio de cada dívida dos brasileiros chegou a R$ 1.162,43, superando o salário-mínimo."
181,"Entre os brasileiros inadimplentes, cada um devia, em média, R$ 3.937,98."
182,"Dívidas com bancos e cartões de crédito apareceram como as principais causas de inadimplência no país (29,7%)."
183,"
   Envie um email em
    serasa@vcrp.com.br
"
184,"
    Ligue para
    

            (11) 94547-0341

"
185,"
    Para ajuda com outros temas, a nossa
    Central de Atendimento está pronta para esclarecer todas as
    suas dúvidas sobre os serviços da Serasa! Confira nossos
    canais oficiais.
"
186,O que você precisa?
187,Todos os sites
188,Atendimento
189,Outros Serviços
190,Seja parceiro
191,Endereços da Serasa (sem atendimento ao público):
192,"© Serasa Experian - São Paulo - Av das Nações Unidas, 14.401 - Torre Sucupira - 24º andar - Chácara Sto. Antônio - São Paulo-SP - CEP 04794-000 - CNPJ 62.173.620/0001-80"
193,"© Serasa Experian - São Carlos - Av. Dr. Heitor José Reali, 360 - São Carlos-SP - CEP 13571-385 - CNPJ 62.173.620/0093-06"
194,"© Serasa Experian - Blumenau - Rua Dr. Léo de Carvalho, 74 - Sala 1105 - Bairro Velha - Blumenau-SC - CEP 89036-239 - CNPJ 62.173.620/0104-95"
195,"© Serasa Experian – Brasília – ST SCN, S/N, Qd 02, Bl C, 109 – Sala 301 – Bairro Asa Sul, Brasília – DF – CEP 70302-911 – CNPJ 62.173.620/0131-68"
196,"© Serasa Experian – Florianópolis – Rod. José Carlos Daux, 8600 - Sala 02 - Bloco 07 - Sto. Antônio de Lisboa - Florianópolis-SC - CEP 88.050-001 – CNPJ 62.173.620/0132-49"
197,"© Serasa Experian – Recife – Edifício Empresarial Charles Darwin - 2º andar - R. Sen. José Henrique, 231 - Ilha do Leite, Recife-PE - CEP 50070-460 – CNPJ 62.173.620/0133-20"
